epoch,auc,loss
1,0.4568965517241379,0.7091862261295319
2,0.4885057471264368,0.6220688223838806
3,0.48275862068965514,0.615717425942421
4,0.47701149425287354,0.6139244139194489
5,0.4942528735632184,0.5949855446815491
6,0.5287356321839081,0.551337406039238
7,0.5373563218390804,0.5231133252382278
8,0.5402298850574714,0.49994754791259766
9,0.5344827586206896,0.5053089931607246
10,0.5287356321839081,0.5122472941875458
